"Population","N","5th percentile","25th percentile","50th percentile","75th percentile","95th percentile","mean","standard deviation","geo mean","geo standard deviation"
"Larson 2013 8y-18y 400mg FCT meal",500,8017.56218844722,10533.5487772624,12921.046324342,15892.6214656989,21707.9492587937,13652.1785615958,4460.21123439665,0,NA
"Filmcoated_tablet_400mg_sd",100,6771.96979688993,8875.69817376733,10112.3221074997,12229.1366103983,15523.1525858749,10626.7123967976,2757.61236696987,10275.4453379578,1.30050638527087
