"Population","N","5th percentile","25th percentile","50th percentile","75th percentile","95th percentile","mean","standard deviation","geo mean","geo standard deviation"
"Larson 2013 8y-18y 400mg FCT meal",500,2.54972104390462,3.01464214324951,3.49202728271484,4.29953155517578,9.42848449707031,3.8955670753479,10.4934335172055,NA,NA
"Filmcoated_tablet_400mg_sd",100,5.73997924804687,8.08406511942545,9.19594370524089,11.1760131835937,16.8138106282552,9.98729788462321,3.18253833371505,9.54537272777515,1.34808748279888
