"Population","N","5th percentile","25th percentile","50th percentile","75th percentile","95th percentile","mean","standard deviation","geo mean","geo standard deviation"
"Larson 2013 8y-18y 400mg FCT meal",497,1564.17326927185,2133.95953178406,2893.5182094574,3971.82631492615,7809.58328247071,3610.03934449593,2601.90019263931,3089.07050590691,1.67064651797996
"Filmcoated_tablet_400mg_sd",100,3961.86908483506,5531.16667270661,6823.95839691162,9325.514793396,16886.0721588134,8090.42248010635,4000.153449298,7343.51356152159,1.53115039322406
