"Population","N","5th percentile","25th percentile","50th percentile","75th percentile","95th percentile","mean","standard deviation","geo mean","geo standard deviation"
"Larson 2013 8y-18y 400mg FCT meal",500,2.54972104390462,3.01463222503662,3.49203325907389,4.29953155517578,9.42848449707031,3.89548627090454,10.4943533412219,NA,NA
"Filmcoated_tablet_400mg_sd",100,5.73997924804687,8.08406511942545,9.19594370524089,11.1760131835937,16.8138106282552,9.98729874420166,3.18253985117325,9.5453732430692,1.34808762016357
