"Population","N","5th percentile","25th percentile","50th percentile","75th percentile","95th percentile","mean","standard deviation","geo mean","geo standard deviation"
"Larson 2013 8y-18y 400mg FCT meal",500,1.00901881983676,1.31304843112755,1.62612842630353,2.01445340443735,2.70803301850461,1.70798105006529,0.525917388531082,1.63185168453657,1.35327688732621
"Filmcoated_tablet_400mg_sd",100,1.17699249037859,1.50539491668165,1.7588450585276,2.13835376535753,2.71945167315029,1.84867029205853,0.487693339579551,1.78568184830704,1.30560550680945
