"Population","N","5th percentile","25th percentile","50th percentile","75th percentile","95th percentile","mean","standard deviation","geo mean","geo standard deviation"
"Larson 2013 8y-18y 400mg FCT meal",500,7207.27778699143,9378.91744471189,11615.203186592,14388.9533089919,19343.0928740812,12199.8647716636,3756.55284789694,11656.0835765219,1.35327688979447
"Filmcoated_tablet_400mg_sd",100,6449.27380676468,8248.73976825199,9637.50725156272,11717.0054146879,14901.1053005497,10129.7001211889,2672.29228250084,9784.55795701881,1.30560551255049
