"Population","N","5th percentile","25th percentile","50th percentile","75th percentile","95th percentile","mean","standard deviation","geo mean","geo standard deviation"
"Larson 2013 8y-18y 400mg FCT meal",500,1.00901881983676,1.31304843112755,1.62612854481455,2.01445352294837,2.70803326737774,1.70798109391436,0.525917339138026,1.63185176367683,1.35327674316759
"Filmcoated_tablet_400mg_sd",100,1.17699249037859,1.50539322789971,1.7588450585276,2.13835376535753,2.71945167315029,1.84867018421351,0.487693370583977,1.7856817304166,1.30560554254035
