"Population","N","5th percentile","25th percentile","50th percentile","75th percentile","95th percentile","mean","standard deviation","geo mean","geo standard deviation"
"Larson 2013 8y-18y 400mg FCT meal",497,1581.08563423157,2341.61639213562,2968.17970275879,3917.83952713013,6249.02153015137,3396.63074385952,1880.06482085486,3071.48409879494,1.52827961247559
"Filmcoated_tablet_400mg_sd",100,1880.26652336121,2263.55236768723,2695.83237171173,3418.90203952789,4890.57438373565,2993.69496703148,1138.95271240199,2836.18729726111,1.36900382844027
