"Population","N","5th percentile","25th percentile","50th percentile","75th percentile","95th percentile","mean","standard deviation","geo mean","geo standard deviation"
"Larson 2013 8y-18y 400mg FCT meal",497,3.88344497680664,4.60914408365885,5.32384999593099,6.22188466389974,10.3090779622396,6.26299043446879,5.56433375363136,5.63812957101046,1.43688465249403
"Filmcoated_tablet_400mg_sd",100,4.43107655843099,4.80306599934896,5.19911931355795,5.68245735168457,6.69758819580078,5.43841965738932,1.53907465821067,5.31861378665739,1.20624894433056
