"Population","N","5th percentile","25th percentile","50th percentile","75th percentile","95th percentile","mean","standard deviation","geo mean","geo standard deviation"
"Larson 2013 8y-18y 400mg FCT meal",497,5.48210646957159,7.47459847480059,9.20298974961042,11.1931348219514,14.7088527679444,9.49490764993477,2.83753876730034,9.07949395396206,1.3531657444363
"Filmcoated_tablet_400mg_sd",100,5.88309795130044,7.46793497819453,9.03098238632083,10.289820143953,13.4880781639368,9.20076746959239,2.50194200061942,8.88761481989309,1.30050638438123
