"Population","N","5th percentile","25th percentile","50th percentile","75th percentile","95th percentile","mean","standard deviation","geo mean","geo standard deviation"
"Larson 2013 8y-18y 400mg FCT meal",497,1581.08563423157,2341.61734580994,2968.17970275879,3917.83952713013,6249.02153015137,3396.62649046247,1880.05282151049,3071.48178922794,1.52827879989073
"Filmcoated_tablet_400mg_sd",100,1880.26652336121,2263.55236768723,2695.83237171173,3418.90203952789,4890.57438373565,2993.69522929192,1138.95349815129,2836.18745356458,1.3690039215879
