"Population","N","5th percentile","25th percentile","50th percentile","75th percentile","95th percentile","mean","standard deviation","geo mean","geo standard deviation"
"Larson 2013 8y-18y 400mg FCT meal",500,0.163976966889862,0.2498921745759,0.325017055880406,0.412893824064981,0.651195629869687,0.356976399593465,0.168964085100411,0.32576177699729,1.52304109599861
"Filmcoated_tablet_400mg_sd",100,0.444896269604,0.5906683713344,0.721703267468556,0.850003795100897,0.968050183228855,0.719218021801149,0.165872387025294,0.699649975937622,1.27093672881697
