"Population","N","5th percentile","25th percentile","50th percentile","75th percentile","95th percentile","mean","standard deviation","geo mean","geo standard deviation"
"Larson 2013 8y-18y 400mg FCT meal",500,86.6304616683519,133.654368908936,189.562462008175,263.514725216468,448.022928789609,218.903253430827,129.116101551314,191.122040587744,1.66636608825749
"Filmcoated_tablet_400mg_sd",100,19.5748376736911,25.7962193903269,32.3481521693323,41.9136514700811,62.6760116510282,35.3857718308631,14.2064460858867,33.0104650939169,1.44411307813031
