"Population","N","5th percentile","25th percentile","50th percentile","75th percentile","95th percentile","mean","standard deviation","geo mean","geo standard deviation"
"Larson 2013 8y-18y 400mg FCT meal",500,1.12245861654744,1.47469677187589,1.80894653750238,2.22496694689714,3.03911300561077,1.91130498051755,0.624429573565503,0,NA
"Filmcoated_tablet_400mg_sd",100,1.23588447636296,1.61981495946247,1.84549883008927,2.23181747602287,2.83297528084961,1.93937502722483,0.503264253396817,1.87526878995665,1.30050638206654
