"Population","N","5th percentile","25th percentile","50th percentile","75th percentile","95th percentile","mean","standard deviation","geo mean","geo standard deviation"
"Larson 2013 8y-18y 400mg FCT meal",500,1171.26403352438,1784.94402913227,2321.55159107235,2949.24167982905,4651.3977372556,2549.83155414666,1206.88656603969,2326.86990543737,1.52304113022662
"Filmcoated_tablet_400mg_sd",100,2437.78764536673,3236.53631126521,3954.53840678716,4657.55498926354,5304.384279026,3940.92049478198,908.889866591107,3833.6982879693,1.27093680091828
