"Population","N","5th percentile","25th percentile","50th percentile","75th percentile","95th percentile","mean","standard deviation","geo mean","geo standard deviation"
"Larson 2013 8y-18y 400mg FCT meal",500,1171.26403352438,1784.94402913227,2321.55053150132,2949.24167982905,4651.3977372556,2549.831456984,1206.88633797208,2326.86986395883,1.5230410966789
"Filmcoated_tablet_400mg_sd",100,2437.78764536673,3236.53901317133,3954.53840678716,4657.55498926354,5304.384279026,3940.92065583678,908.889773007488,3833.69848910838,1.27093672678774
