"Population","N","5th percentile","25th percentile","50th percentile","75th percentile","95th percentile","mean","standard deviation","geo mean","geo standard deviation"
"Larson 2013 8y-18y 400mg FCT meal",500,0.163976966889862,0.2498921745759,0.325017208648509,0.412893824064981,0.651195629869687,0.356976413370371,0.16896411705619,0.325761782904036,1.52304113077948
"Filmcoated_tablet_400mg_sd",100,0.444896269604,0.590667913030091,0.721703267468556,0.850003795100897,0.968050183228855,0.719217992080809,0.165872400474613,0.699649939652163,1.27093679737293
