"Population","N","5th percentile","25th percentile","50th percentile","75th percentile","95th percentile","mean","standard deviation","geo mean","geo standard deviation"
"Larson 2013 8y-18y 400mg FCT meal",500,1.12245872320735,1.47469677187589,1.80894553015876,2.22496629508656,3.03911300561077,1.91130585109946,0.624430216258037,0,NA
"Filmcoated_tablet_400mg_sd",100,1.23588447636296,1.61981558164529,1.84549883008927,2.23181747602287,2.83297528084961,1.93937515284651,0.503264248766129,1.87526891724402,1.30050637169378
