"Population","N","5th percentile","25th percentile","50th percentile","75th percentile","95th percentile","mean","standard deviation","geo mean","geo standard deviation"
"Larson 2013 8y-18y 400mg FCT meal",500,8017.56291178104,10533.5487772624,12921.0395430874,15892.6164927789,21707.9492587937,13652.1847750333,4460.21580312855,0,NA
"Filmcoated_tablet_400mg_sd",100,6771.96979688993,8875.70156439462,10112.3221074997,12229.1366103983,15523.1525858749,10626.7131020481,2757.61237510008,10275.4460440403,1.30050637875499
