"Population","N","5th percentile","25th percentile","50th percentile","75th percentile","95th percentile","mean","standard deviation","geo mean","geo standard deviation"
"Larson 2013 8y-18y 400mg FCT meal",497,1564.17326927185,2133.95953178406,2893.51749420166,3971.82631492615,7809.58328247071,3610.03222959622,2601.88788288489,3089.06471147112,1.67064701284953
"Filmcoated_tablet_400mg_sd",100,3961.86908483506,5531.18669986724,6823.95839691162,9325.51693916321,16886.0729217529,8090.42264223099,4000.1538027334,7343.51366953614,1.5311503945349
